id,source,prolific_pid,study_id,session_id,condition_type,task_order,informative_task_index,normative_task_index,created_at,finished_at,participant_no
00f48994-a285-4631-9696-edbecccdbd14,prolific,676c67883fa1ba4ea4eb05a7,68c05d68bc8abb0714642f7a,68c0625e6aba44d8bb84d139,minorityDiffusion,informativeFirst,2,1,2025-09-09T17:23:08Z,2025-09-09T17:55:34Z,75
036599a1-cd2b-44e3-bab7-cb5fba869ec8,prolific,5f467b0a0d1aef037515c8c9,68c05d68bc8abb0714642f7a,68c07392424434b3cc7d0863,minority,normativeFirst,1,0,2025-09-09T18:38:31Z,2025-09-09T19:26:09Z,98
07d88852-7da1-4eaa-9413-468d15f8dc10,prolific,5654171504212700054a12ad,68c05d68bc8abb0714642f7a,68c06297c8aa94f39b820601,minorityDiffusion,informativeFirst,2,1,2025-09-09T17:23:45Z,2025-09-09T17:49:20Z,51
0930edef-2039-45fa-bf45-2ae4dec11438,prolific,614e4f5af7eba1c013541155,68c05d68bc8abb0714642f7a,68c0616ea7c9e7caed176d95,majority,informativeFirst,0,3,2025-09-09T17:19:04Z,2025-09-09T17:58:40Z,43
0970deef-da21-4b37-bddf-814b4a94c050,prolific,5ae9cde00335e200019e9eed,68c05d68bc8abb0714642f7a,68c06164e9a8196aac5a7e77,minorityDiffusion,normativeFirst,5,2,2025-09-09T17:18:37Z,2025-09-09T18:01:56Z,18
09b9e45a-2dad-4776-8f63-9a5ff5189f5f,prolific,612adba08b8235b31539c704,68c05d68bc8abb0714642f7a,68c061e21facdf44cded0c15,minorityDiffusion,informativeFirst,2,1,2025-09-09T17:25:16Z,2025-09-09T17:56:47Z,87
09fb713b-901d-462f-84e3-212c0d1fec01,prolific,66a41543adadffb17baf40b8,68c05d68bc8abb0714642f7a,68c061f64e2ac8e1f14f18a0,minorityDiffusion,normativeFirst,5,5,2025-09-09T17:22:10Z,2025-09-09T18:47:32Z,72
0ddcc4f5-84cf-4232-91c2-55d084eda6e9,prolific,65cb86a7e667e637599a3af3,68c05d68bc8abb0714642f7a,68c061b79193b779a5259bf4,majority,normativeFirst,3,1,2025-09-09T17:20:10Z,2025-09-09T17:46:39Z,52
12977f58-b35a-48bb-ba9b-643cc0379c18,prolific,6772eefa63ec1102cc8bce2e,68c05d68bc8abb0714642f7a,68c0616ee3211d86caa0abc1,majority,normativeFirst,3,1,2025-09-09T17:40:28Z,2025-09-09T18:27:43Z,112
134c2569-bfe7-414e-86a0-d3b3f948f5e9,prolific,66a261c8cd2d7a18cbe95b9a,68c05d68bc8abb0714642f7a,68c06f38e6dbf3e0cfd98787,minority,normativeFirst,1,0,2025-09-09T18:17:41Z,2025-09-09T19:39:07Z,50
14bf7228-fadd-491c-8cc4-c74dd4c3fba6,prolific,676add84a7c12204af3e4c90,68c05d68bc8abb0714642f7a,68c061b2eacfcb0918835778,minorityDiffusion,normativeFirst,5,2,2025-09-09T17:20:17Z,2025-09-09T18:00:56Z,54
15a24730-cdbc-4c30-ba5c-a2bb3c8683aa,prolific,6658ed45f69162ea286e4e3a,68c05d68bc8abb0714642f7a,68c0634c343716391f6b8d8f,minorityDiffusion,informativeFirst,2,1,2025-09-09T17:29:45Z,2025-09-09T17:53:43Z,99
1956d093-8877-452f-b605-d6975cedbfa9,prolific,67d21364aa4dc87ecd8f3f1b,68c05d68bc8abb0714642f7a,68c061e06ae80ab0487d4c31,majority,informativeFirst,0,0,2025-09-09T17:22:29Z,2025-09-09T18:04:35Z,73
1b52f199-6ea6-4a97-bcae-73fadd8581e3,prolific,64a826f6220bf56dca731156,68c05d68bc8abb0714642f7a,68c063c1f3ba1da09828f166,minorityDiffusion,informativeFirst,2,1,2025-09-09T17:28:46Z,2025-09-09T18:06:04Z,63
1e1d464b-26ac-4535-bf85-ff1dd0a686b4,prolific,60171c9b1a726593103182b3,68c05d68bc8abb0714642f7a,68c064d0506dc54ad43a4477,majority,informativeFirst,0,0,2025-09-09T17:33:50Z,2025-09-09T18:20:06Z,109
1e550f61-e86f-4792-9766-7a50fd3332e3,prolific,57719c19b425c40001433b1f,68c05d68bc8abb0714642f7a,68c061d8e51881bb07dc4531,minority,informativeFirst,4,2,2025-09-09T17:20:37Z,2025-09-09T17:39:30Z,17
206652aa-efa6-46bb-8a66-bc2718a52ce6,prolific,6691bc059b0182b0bdd7d682,68c05d68bc8abb0714642f7a,68c06acdc286cd324941a9c8,minority,informativeFirst,4,5,2025-09-09T17:58:54Z,2025-09-09T18:18:28Z,83
21b14e1e-73cd-4390-af56-e404b575742d,prolific,59bc25620ac77f0001f05574,68c03b0330a5bf7db9a38960,68c03ddad81d68d319fbe6c3,majority,informativeFirst,0,0,2025-09-09T14:47:25Z,2025-09-09T15:16:36Z,13
2648d04c-6732-41ba-a408-acd2a3ec32e7,prolific,628f7e982aad1788d940317a,68c03b0330a5bf7db9a38960,68c03d712569682f464c90f2,minority,informativeFirst,4,2,2025-09-09T14:45:18Z,2025-09-09T15:24:54Z,5
2e812134-90ba-44e2-b10e-f135b5c6ddd5,prolific,66774233add67a4a8e71398e,68c05d68bc8abb0714642f7a,68c064b727795047ce2f59be,minorityDiffusion,informativeFirst,2,4,2025-09-09T17:33:56Z,2025-09-09T18:13:57Z,105
2f6754e3-91f8-42c4-8052-4680060616bb,prolific,66914783ed9646ac1537525a,68c05d68bc8abb0714642f7a,68c06accfe52099a905d67bb,minority,normativeFirst,1,3,2025-09-09T18:04:54Z,2025-09-09T19:04:42Z,44
32539ad3-ad81-4f6f-8e57-de29a6edae93,prolific,631623dc8a64a7f2d743deac,68c05d68bc8abb0714642f7a,68c06233710f7b9e4b5fccd9,minority,normativeFirst,1,0,2025-09-09T17:22:07Z,2025-09-09T17:57:21Z,38
32675228-78fc-4a45-91cb-6e2abd39ca5f,prolific,677401d939f129f94d412a63,68c03b0330a5bf7db9a38960,68c0408548dec87ccb0fd42f,majority,normativeFirst,3,1,2025-09-09T15:00:39Z,2025-09-09T15:23:36Z,28
329bdee7-2437-4ed2-b7e8-132722cccc01,prolific,654e37a130d94b47675dcebe,68c05d68bc8abb0714642f7a,68c0634e174f1cf28635b5ec,minorityDiffusion,normativeFirst,5,2,2025-09-09T17:29:57Z,2025-09-09T17:54:36Z,102
32b70b37-a395-44f7-af56-31268be200c4,prolific,66e4ef42a321cf28dda09db2,68c03b0330a5bf7db9a38960,68c03d0e6527da4a2e9af8ac,majority,informativeFirst,0,0,2025-09-09T14:43:42Z,2025-09-09T15:11:48Z,1
3602b073-9f84-4bd3-a681-ea302ad6a1bf,prolific,5ee5defbfe74a3000d106f51,68c03b0330a5bf7db9a38960,68c03df4948dd38dcce7691f,minorityDiffusion,normativeFirst,5,5,2025-09-09T14:47:25Z,2025-09-09T15:05:01Z,12
37434cb2-4371-4c88-93e7-ba80a6511ca3,prolific,67ccc62a623f466a4ad19371,68c03b0330a5bf7db9a38960,68c03e8feca71426c3f76a1c,majority,informativeFirst,0,3,2025-09-09T14:50:33Z,2025-09-09T15:23:57Z,19
3794c56c-dffa-48cd-b926-e7a6b094f258,prolific,65c347be7d456f4e0902823d,68c03b0330a5bf7db9a38960,68c03d35809955e05b724b59,majority,normativeFirst,3,1,2025-09-09T14:44:41Z,2025-09-09T15:39:34Z,4
38598dd5-4b64-46e0-8bda-c1a3766ec74d,prolific,681483783a042ecec50bfb17,68c05d68bc8abb0714642f7a,68c06871e772aaec5867420f,minorityDiffusion,normativeFirst,5,5,2025-09-09T17:48:59Z,2025-09-09T18:12:13Z,120
4225fb9a-e135-4365-b761-b672e40539e1,prolific,6078b4ad9006e4f6572dde97,68c05d68bc8abb0714642f7a,68c0654516f2c10b7f3ccfa3,minorityDiffusion,informativeFirst,2,1,2025-09-09T17:35:14Z,2025-09-09T18:12:08Z,111
43767e66-41d2-4d39-ab15-55bb730cb0ed,prolific,66854df2e5fef4239ff63a7d,68c05d68bc8abb0714642f7a,68c0635a23ce7b78c0428efb,majority,normativeFirst,3,1,2025-09-09T17:27:11Z,2025-09-09T17:48:14Z,88
492d89b6-d366-43d8-b3e3-3d3776f18f09,prolific,676556ccb7aac9ede13d73c9,68c05d68bc8abb0714642f7a,68c065b9b1b23323b252a12a,minorityDiffusion,informativeFirst,2,4,2025-09-09T17:37:36Z,2025-09-09T18:31:14Z,117
493833b0-279f-4de0-98ef-75ccbb764aac,prolific,5dee651e58776a51569d31f3,68c05d68bc8abb0714642f7a,68c0635b221a814609f5e544,majority,informativeFirst,0,3,2025-09-09T17:30:12Z,2025-09-09T18:08:52Z,103
4a257cd1-8d04-4b90-a741-5745fa88f51a,prolific,6640d0ae532fbc1394f8c1dd,68c03b0330a5bf7db9a38960,68c03d91a4f4f4660d5630e8,minorityDiffusion,normativeFirst,5,2,2025-09-09T14:45:55Z,2025-09-09T15:14:57Z,6
4a3c5081-d999-41a2-ac0f-c3be5c903638,prolific,5eca536f9aa4f658d641a7d9,68c03b0330a5bf7db9a38960,68c03e7e560c19878bfc565e,minorityDiffusion,normativeFirst,5,2,2025-09-09T14:49:48Z,2025-09-09T15:33:23Z,18
4d1cd95f-4f3f-40ae-ab18-7f0171c8d7f7,prolific,5eab170759f5390b776df5a1,68c05d68bc8abb0714642f7a,68c0652b061276d20b570261,majority,normativeFirst,3,1,2025-09-09T17:34:57Z,2025-09-09T18:04:13Z,100
4ecb8388-2338-4007-81be-d00054e8c430,prolific,67101014b833fd5fb2bfb9bd,68c05d68bc8abb0714642f7a,68c06357a4205fe7220cf8c4,minorityDiffusion,normativeFirst,5,5,2025-09-09T17:33:17Z,2025-09-09T18:15:37Z,108
4ef00beb-110b-4d54-9b31-ecd001440d8a,prolific,58cd0bc2a47dbb000171dc8b,68c03b0330a5bf7db9a38960,68c042657b0883f502c93bf3,minorityDiffusion,informativeFirst,2,1,2025-09-09T15:06:52Z,2025-09-09T15:47:06Z,27
4f37c0a8-685a-4f8e-863c-f27a94a4236d,prolific,5ebebcf619a604258a233c4f,68c05d68bc8abb0714642f7a,68c061e2ed84d6da142f3994,minorityDiffusion,informativeFirst,2,4,2025-09-09T17:20:49Z,2025-09-09T18:28:36Z,57
4fc031df-bd76-4619-affa-8dcd30c6c748,prolific,5d332957d0635b00013bd785,68c03b0330a5bf7db9a38960,68c03ea4fa5abbf70e2cce11,minorityDiffusion,normativeFirst,5,5,2025-09-09T14:53:40Z,2025-09-09T15:26:36Z,24
5083f919-a4ef-4433-af16-5489ead1ea4e,prolific,6777f3e9760d3844217b5ea8,68c05d68bc8abb0714642f7a,68c0616325440bb7ae3af807,minorityDiffusion,informativeFirst,2,4,2025-09-09T17:18:42Z,2025-09-09T18:07:24Z,33
50c64a07-874c-462f-9770-2562cd4f2890,prolific,63d13d12c35a12dd05922c69,68c05d68bc8abb0714642f7a,68c06158589fc315e9c2b3de,minorityDiffusion,informativeFirst,2,1,2025-09-09T17:18:54Z,2025-09-09T18:03:03Z,39
5113d9f7-3fef-4ec8-8a2d-d3d2eb771a9e,prolific,5d8b66f5d189bd001a378273,68c05d68bc8abb0714642f7a,68c0616d7a326da13c5fcd8d,majority,informativeFirst,0,0,2025-09-09T17:25:00Z,2025-09-09T17:58:29Z,85
520fac17-1bfc-4435-90f5-9cde743aeceb,prolific,5fb57b265d72ea0932b4853c,68c05d68bc8abb0714642f7a,68c06397589b9498217d06c4,majority,normativeFirst,3,4,2025-09-09T17:28:07Z,2025-09-09T18:08:26Z,94
5270e09f-e86d-46cf-86b5-ebe8ddf36c6d,prolific,61103c2b7810420e5f23f437,68c05d68bc8abb0714642f7a,68c063b0919f1b7f2fc4fbbb,minority,informativeFirst,4,5,2025-09-09T17:28:29Z,2025-09-09T17:56:07Z,95
531f9ad6-bffe-44e4-a4f4-e115908912f6,prolific,55c495d2fdf99b2d6cabb691,68c03b0330a5bf7db9a38960,68c03dd45dddbc3076e57246,minorityDiffusion,informativeFirst,2,4,2025-09-09T14:46:55Z,2025-09-09T15:15:17Z,9
5390b6eb-1261-4376-8663-e7c71c700f28,prolific,602c0fc2eff74b4748e9b41e,68c05d68bc8abb0714642f7a,68c06167bf5dafd2d0712653,majority,normativeFirst,3,4,2025-09-09T17:19:09Z,2025-09-09T17:47:48Z,46
53a97c91-f20c-45e2-bb24-3de3bf2f48a9,prolific,6658c4239af9537eefdfbcc9,68c03b0330a5bf7db9a38960,68c03f0c6f4909c39374f19e,minority,informativeFirst,4,5,2025-09-09T14:52:12Z,2025-09-09T15:07:52Z,23
586f1871-adb3-424f-b2e5-45545395dc93,prolific,65c8d70512b2fc050e53d0d1,68c05d68bc8abb0714642f7a,68c0619945da7dfbf289d681,minorityDiffusion,normativeFirst,5,5,2025-09-09T17:19:34Z,2025-09-09T18:00:20Z,48
5b6a5a77-da0a-4cc4-b5fe-dbf17496f7df,prolific,56aa2ab9402d62000c7096f2,68c03b0330a5bf7db9a38960,68c03e0e352f7f6be6d957d8,minorityDiffusion,informativeFirst,2,1,2025-09-09T14:47:57Z,2025-09-09T15:07:45Z,15
5cc0e14d-5fe2-4447-b4ca-5994e3e10831,prolific,647869e6f69318bacc341d53,68c05d68bc8abb0714642f7a,68c073a687335bdc9c14871d,minority,informativeFirst,4,5,2025-09-09T18:36:55Z,2025-09-09T19:29:04Z,47
5d1b61d5-a2f2-44bd-a128-edf1f61bd715,prolific,5c5af2cc2b7de10001b7840b,68c05d68bc8abb0714642f7a,68c06167dcdebc77bfb4e37f,minority,informativeFirst,4,5,2025-09-09T17:18:44Z,2025-09-09T18:02:41Z,35
5d934fc1-711c-402b-ac91-17e8e7f9b263,prolific,665e750c97f12272bd9ab99e,68c03b0330a5bf7db9a38960,68c03e79593c7d0f8814fa72,majority,normativeFirst,3,1,2025-09-09T14:49:38Z,2025-09-09T15:17:15Z,16
5ee36000-9570-49d1-9020-94e47b4fc598,prolific,62e3f7b224ec70641fd86b7b,68c05d68bc8abb0714642f7a,68c0615e79437f92e039110f,majority,informativeFirst,0,0,2025-09-09T17:21:04Z,2025-09-09T17:46:47Z,61
659ac0e4-10df-4693-aaad-d97429810408,prolific,65107641138d7e50e2a290d0,68c05d68bc8abb0714642f7a,68c06178bdfcc6586ed6b4f4,minority,informativeFirst,4,5,2025-09-09T17:46:40Z,2025-09-09T18:17:19Z,107
66a31a6c-cd36-4668-b475-44db5f8dae1e,prolific,60fcf85e1c7ddbf1ac4b1d02,68c03b0330a5bf7db9a38960,68c03eeb118937099b8ff4b0,minorityDiffusion,informativeFirst,2,4,2025-09-09T14:51:34Z,2025-09-09T15:23:16Z,21
68e6e5f1-1440-4cb4-bef8-4a7009a19b5c,prolific,5d61a6ec798d980001f9d5e1,68c03b0330a5bf7db9a38960,68c04025d24916464fd5ceeb,minority,normativeFirst,1,0,2025-09-09T14:58:20Z,2025-09-09T15:48:13Z,26
69268d3f-39bc-4530-924b-d854ebbd35e4,prolific,664226215b6bead5e2ea5d5a,68c05d68bc8abb0714642f7a,68c0617ecbd2a882a10cf92a,majority,informativeFirst,0,0,2025-09-09T17:19:40Z,2025-09-09T17:53:42Z,49
6ae81c9a-e082-4873-ae39-7c0f54a06c50,prolific,66d88375799e00b593a8655f,68c05d68bc8abb0714642f7a,68c0619399a674860ea98c52,minority,informativeFirst,4,5,2025-09-09T17:20:51Z,2025-09-09T18:00:04Z,59
6d1797b0-a111-47d7-be49-735a3794db00,prolific,662938efd711c3639bd68aa3,68c05d68bc8abb0714642f7a,68c069965ba64d2443670da6,minority,normativeFirst,1,3,2025-09-09T17:53:36Z,2025-09-09T18:23:38Z,92
6e51d200-d884-4119-8396-68494a7ddf3f,prolific,5a3249cf4f278f00012859a9,68c05d68bc8abb0714642f7a,68c061e114a11df2f8e8b7a0,majority,informativeFirst,0,3,2025-09-09T17:23:40Z,2025-09-09T17:48:24Z,79
74c9f1d7-3521-444e-9345-c995a33dc27a,prolific,66faeeeafd0c076eec88cfcb,68c03b0330a5bf7db9a38960,68c03eb52e01e1c73ee3872b,minority,normativeFirst,1,3,2025-09-09T14:50:39Z,2025-09-09T15:35:21Z,20
75db1808-af29-4ad0-bee6-29558574533b,prolific,5d8cef3c28e183001a335ab0,68c05d68bc8abb0714642f7a,68c061e37e17f9594d7e3871,minority,normativeFirst,1,3,2025-09-09T17:20:49Z,2025-09-09T17:50:35Z,56
76c4e229-7446-48aa-9461-ec0a87415b29,prolific,572a31e8d7299f000f7b594a,68c05d68bc8abb0714642f7a,68c06178289cd8ff487062e2,minorityDiffusion,normativeFirst,5,2,2025-09-09T17:19:02Z,2025-09-09T17:44:02Z,42
77c2f6c1-59bb-4529-b4bd-95947c8939bb,prolific,5ccb779b2c4e1f00159333ea,68c05d68bc8abb0714642f7a,68c0626ab1657a78a6f45d8c,minority,normativeFirst,1,3,2025-09-09T17:24:01Z,2025-09-09T17:48:38Z,80
7828fa6e-2064-4d65-a533-7b743e1b3430,prolific,6751f639ed7ec5420fbf12d9,68c05d68bc8abb0714642f7a,68c063798cdf74470ee4f798,majority,informativeFirst,0,3,2025-09-09T17:27:33Z,2025-09-09T17:58:29Z,91
7bbeecf7-33a6-4f95-b1f7-1b17b79f0b72,prolific,677ef42cdcee10c2f02a1441,68c05d68bc8abb0714642f7a,68c0616a7931b3eadf783a09,minority,normativeFirst,1,3,2025-09-09T17:21:34Z,2025-09-09T17:53:25Z,68
7c8f6bfd-5a39-49ef-83db-d5f330f9b53d,prolific,5b244233a7cee100011d6924,68c05d68bc8abb0714642f7a,68c0615d404d0e366278319b,majority,informativeFirst,0,3,2025-09-09T17:37:10Z,2025-09-09T18:00:22Z,115
7ed3a914-8b04-43a8-b4a3-40a88e6eb270,prolific,676e6f5eb2e5690f74382e58,68c05d68bc8abb0714642f7a,68c0711db045b9b4f09699ac,minorityDiffusion,normativeFirst,5,5,2025-09-09T18:27:47Z,2025-09-09T18:59:45Z,72
828a3c44-961f-434e-948b-36a0dfc6cfe7,prolific,678b09ceb478d5c669bb0355,68c03b0330a5bf7db9a38960,68c03ee6648053a1c89337af,majority,normativeFirst,3,4,2025-09-09T14:52:00Z,2025-09-09T15:46:31Z,22
84960d02-7dc3-43a3-b2e1-a945f23d90f0,prolific,5fbae54831099083583afff0,68c03b0330a5bf7db9a38960,68c03dab128e85c15d148a2a,minority,normativeFirst,1,3,2025-09-09T14:46:19Z,2025-09-09T15:16:54Z,8
858e5a85-eb83-448d-a58c-c7974a70b99e,prolific,5d7ff85ffec5620017b07c40,68c05d68bc8abb0714642f7a,68c0616fba5346dbbeaeaadf,majority,informativeFirst,0,0,2025-09-09T17:18:49Z,2025-09-09T17:52:39Z,37
85df1458-9ca6-4192-8023-967795afee8f,prolific,650b03136ab3d4c832d98b71,68c03b0330a5bf7db9a38960,68c043ee83a7a73090279dfe,majority,informativeFirst,0,3,2025-09-09T15:13:07Z,2025-09-09T15:50:45Z,31
871d350b-2da5-4cf0-8a7a-c2dc88bb4803,prolific,66fbc35985ff22e3e81fc62a,68c03b0330a5bf7db9a38960,68c03d2e948dd38dcce76914,minorityDiffusion,informativeFirst,2,1,2025-09-09T14:44:16Z,2025-09-09T15:31:40Z,3
873bb404-396b-4a21-bd83-ad7dd1a10af9,prolific,5c4f5967aac8be0001716a65,68c03b0330a5bf7db9a38960,68c03f8afa9e1d4741543f09,majority,informativeFirst,0,0,2025-09-09T14:55:56Z,2025-09-09T15:19:34Z,25
889464d6-cce9-4e14-8ceb-032f3a0abf0c,prolific,5db48b4d14dab8000de45fdf,68c05d68bc8abb0714642f7a,68c06277a9b853b3c91bacea,minority,informativeFirst,4,2,2025-09-09T17:23:15Z,2025-09-09T18:15:45Z,77
8f9ebfca-c50d-4ed1-8314-27f04276794e,prolific,664e3627d723882ce7dab890,68c05d68bc8abb0714642f7a,68c076a0c0e9e5e0dff28713,minority,informativeFirst,4,2,2025-09-09T18:49:32Z,2025-09-09T19:35:15Z,113
918d8839-cfa1-43d5-87d8-24f1600592b6,prolific,653e666cc034dbb89a5b83ce,68c05d68bc8abb0714642f7a,68c06163a56d51869a41d595,majority,normativeFirst,3,1,2025-09-09T17:18:55Z,2025-09-09T17:43:28Z,40
929a3771-f5d2-4878-8a0f-a54e9ddd35f3,prolific,56cf683331a5bc000de1d20e,68c05d68bc8abb0714642f7a,68c0637981279d7cd4538f3c,minority,normativeFirst,1,3,2025-09-09T17:27:34Z,2025-09-09T18:00:31Z,92
93ad0c45-b342-4f90-8198-b588bced4349,prolific,66e9236f775eae67be04229d,68c05d68bc8abb0714642f7a,68c061e2adf597b4672759f0,majority,normativeFirst,3,4,2025-09-09T17:20:51Z,2025-09-09T18:32:14Z,58
93c35761-c7dd-49aa-94f9-6420fc5f0b78,prolific,5eca46c6c1e2c601290bab15,68c05d68bc8abb0714642f7a,68c061e067700dc5e1608146,minorityDiffusion,normativeFirst,5,5,2025-09-09T17:20:58Z,2025-09-09T17:51:17Z,60
95561580-6b5f-4a9c-af7c-d2d85aa29a14,prolific,67ac8ac7ff629901b8ab0ffd,68c05d68bc8abb0714642f7a,68c062d16bb5e980c541b12d,minority,informativeFirst,4,2,2025-09-09T17:29:56Z,2025-09-09T18:05:44Z,101
95f30d93-4281-4988-8ba2-840acccee258,prolific,66660a053b08e2a34f9b945c,68c05d68bc8abb0714642f7a,68c06acb2c9b1f8d5135b499,minorityDiffusion,normativeFirst,5,2,2025-09-09T17:59:39Z,2025-09-09T18:27:57Z,114
97c14ba1-c814-4934-bf1d-21ff0650257e,prolific,6759980d797dbe50150130e0,68c05d68bc8abb0714642f7a,68c064af9e7b9d609203ce95,minority,normativeFirst,1,0,2025-09-09T17:35:11Z,2025-09-09T17:54:22Z,110
9a87156c-e259-4496-8112-91c616f9a63e,prolific,5e2c7806bb1a6e000cf7f2e8,68c05d68bc8abb0714642f7a,68c0637af84b450f6828f169,minorityDiffusion,informativeFirst,2,4,2025-09-09T17:27:36Z,2025-09-09T18:46:34Z,93
9b21942f-17c3-4406-b78e-79d5b9a591bf,prolific,5d542c3a5af5900019bc80c4,68c05d68bc8abb0714642f7a,68c06963d40cf0ae9ae016a5,minority,informativeFirst,4,5,2025-09-09T17:52:58Z,2025-09-09T18:20:42Z,71
9d0abbe5-a06d-4ded-ad7b-5ee1139b84c9,prolific,67042cdf06ed4052bdf44c07,68c05d68bc8abb0714642f7a,68c0619cfc0ce44e0a2b608f,majority,informativeFirst,0,3,2025-09-09T17:21:29Z,2025-09-09T18:32:44Z,67
9d180490-c5b0-4d42-839f-a978a6afa540,prolific,5adb3e135f327e0001fb329c,68c05d68bc8abb0714642f7a,68c06202e981c3ab8466d0cd,majority,normativeFirst,3,1,2025-09-09T17:21:18Z,2025-09-09T18:05:15Z,64
a06d8bf2-816c-48a8-b4fe-03c79b290a30,prolific,66a57a8aa709312db9ddd8b2,68c05d68bc8abb0714642f7a,68c0621697de256f12a98c82,minorityDiffusion,informativeFirst,2,4,2025-09-09T17:21:46Z,2025-09-09T17:51:58Z,69
a070fecf-acb3-4d27-abe1-e6739b8537f3,prolific,5a6b844fe6cc4a0001b6a656,68c05d68bc8abb0714642f7a,68c061e376b7214fab36ba9b,minority,informativeFirst,4,2,2025-09-09T17:21:11Z,2025-09-09T17:53:35Z,41
a0bf9560-92d1-4cb1-8248-b2152eebb996,prolific,571b3de05d40840013c49f3a,68c05d68bc8abb0714642f7a,68c064dd69bd13c332fbc6d0,minorityDiffusion,normativeFirst,5,5,2025-09-09T17:33:27Z,2025-09-09T18:00:02Z,96
aa5e0dc7-39c5-43aa-b82b-ef78f2b133c4,prolific,5e32c95c87b8ef28e5aff6ea,68c05d68bc8abb0714642f7a,68c061922421f4a03c0ca6b1,minorityDiffusion,normativeFirst,5,5,2025-09-09T17:19:44Z,2025-09-09T17:42:37Z,36
ab008076-6538-4925-beb0-9c2ac8259d81,prolific,5a270517b4a5de00011af15c,68c05d68bc8abb0714642f7a,68c0622d8547f22515d3676c,majority,normativeFirst,3,4,2025-09-09T17:21:58Z,2025-09-09T17:49:59Z,70
ae1e82c8-04e8-4d42-9f19-a2f3c1e789df,prolific,5efaa42dff658c8fb708b6a6,68c05d68bc8abb0714642f7a,68c0617b99a674860ea98c4b,minority,informativeFirst,4,2,2025-09-09T17:27:12Z,2025-09-09T18:20:49Z,89
ae947f61-8ce5-456c-9663-5e29f5248f4b,prolific,5f1088e27a43fe0c64ca5814,68c05d68bc8abb0714642f7a,68c063c19bc6a0981674f937,majority,informativeFirst,0,0,2025-09-09T17:29:03Z,2025-09-09T18:02:18Z,97
b113d736-45f2-4708-8d0b-4ab534334126,prolific,67d18f41f2533fd38b55a10f,68c05d68bc8abb0714642f7a,68c0658f9794f0067fe4f7c3,minority,normativeFirst,1,3,2025-09-09T17:37:24Z,2025-09-09T18:06:38Z,116
b121bfe8-f8b7-48fc-af14-f99c15aedc62,prolific,676ca3da9773676ad989ef10,68c03b0330a5bf7db9a38960,68c04999ed84d6da142f2f48,minority,informativeFirst,4,5,2025-09-09T15:37:24Z,2025-09-09T16:03:26Z,11
b532a2a0-cb98-42dc-b522-088859f7b0c5,prolific,66799043863669170269eedf,68c05d68bc8abb0714642f7a,68c062d1f8774ceb150f364a,majority,normativeFirst,3,4,2025-09-09T17:24:48Z,2025-09-09T17:47:03Z,82
b784e7ca-736e-44db-a3f3-2cd2f86c2d68,prolific,6713a6a34b872f10e42e1502,68c05d68bc8abb0714642f7a,68c06160945f05f33483e532,minority,normativeFirst,1,3,2025-09-09T17:18:37Z,2025-09-09T17:42:23Z,32
b8fcffcb-d710-49d0-9416-bcdbb05a9fb3,prolific,67ccf7fbbe84c977587b8b53,68c05d68bc8abb0714642f7a,68c063da516301ab2e3a21bf,minority,normativeFirst,1,0,2025-09-09T17:29:15Z,2025-09-09T18:54:45Z,98
bb3bf185-23ab-460f-8e39-e7bcd54eb3f9,prolific,5f6b8930b9d9530b1b065360,68c05d68bc8abb0714642f7a,68c061686339883dfcfab356,majority,normativeFirst,3,4,2025-09-09T17:18:44Z,2025-09-09T17:41:24Z,34
bcc249fd-32ed-4e01-86bf-c028c2287a74,prolific,5c63e773f9b6300001c9ce20,68c05d68bc8abb0714642f7a,68c064b04650436b4df55e6a,majority,normativeFirst,3,4,2025-09-09T17:32:42Z,2025-09-09T18:39:15Z,106
bcfa8ed7-049b-41a3-8758-cab44eb85c7e,prolific,663154d3db316e62c35e16ae,68c05d68bc8abb0714642f7a,68c066a177667c13dbc356e4,majority,normativeFirst,3,4,2025-09-09T17:40:58Z,2025-09-09T18:20:30Z,118
bf38b76e-3b5d-4be2-8904-0f30398f1aca,prolific,5bce39ceb8bc680001c67555,68c05d68bc8abb0714642f7a,68c061fc20c532f8d90ca693,minority,informativeFirst,4,2,2025-09-09T17:25:52Z,2025-09-09T18:15:31Z,53
c1160f10-3fe4-45c8-bedb-256f1b56060e,prolific,5e9ffa9ee172201b04f1a4c6,68c05d68bc8abb0714642f7a,68c0687219ad0f7c73453be1,minority,informativeFirst,4,5,2025-09-09T17:48:57Z,2025-09-09T18:25:56Z,119
c1490d5a-63eb-43c8-8b70-aac901fc51d7,prolific,66c19ce2d523bc14657cad85,68c05d68bc8abb0714642f7a,68c068ada85dd62d957d4473,minorityDiffusion,informativeFirst,2,4,2025-09-09T17:49:50Z,2025-09-09T18:42:42Z,57
c5c5f9a8-56b2-47cb-ba19-8c86e4b86f3b,prolific,5a9fa90f873cda00010d29d8,68c05d68bc8abb0714642f7a,68c062d361f0e0913a3a40c4,minorityDiffusion,normativeFirst,5,5,2025-09-09T17:24:56Z,2025-09-09T17:51:12Z,84
c724fed7-5bb1-4e16-972d-c7dbac7ba34e,prolific,655f8da6abba5f374f3145dc,68c03b0330a5bf7db9a38960,68c03d1938fedab9ea4ad759,minority,normativeFirst,1,0,2025-09-09T14:43:54Z,2025-09-09T15:17:03Z,2
c73badf7-3e8c-4394-bebd-062f9d8e2c65,prolific,672380a64e984ba03695602f,68c05d68bc8abb0714642f7a,68c067119ad9a0fdaa420da7,majority,informativeFirst,0,3,2025-09-09T17:50:07Z,2025-09-09T18:37:43Z,103
cac93c83-183d-4a39-91da-6e4e735430b2,prolific,5ea07f2c55a2bd050fd8f70b,68c05d68bc8abb0714642f7a,68c06387aa189cc8b50481b8,minority,normativeFirst,1,3,2025-09-09T17:31:09Z,2025-09-09T18:28:18Z,104
cd24dfc7-ab58-4701-8060-636ce24d286e,prolific,5aafd9eff69e940001d88bf4,68c05d68bc8abb0714642f7a,68c0626453868f1eb8a07a5d,majority,normativeFirst,3,1,2025-09-09T17:23:10Z,2025-09-09T18:04:45Z,76
cda01786-9a32-4292-8f0d-2b2717a685d4,prolific,6682b0b622da87763c14179c,68c05d68bc8abb0714642f7a,68c063579862e114da18ce5b,minorityDiffusion,normativeFirst,5,2,2025-09-09T17:27:26Z,2025-09-09T18:00:37Z,90
cef7f64b-9637-4193-bdd6-c9943b06c56a,prolific,66d1fdd400acfdbc181f41e0,68c03b0330a5bf7db9a38960,68c03d790139a0dc3f201308,majority,informativeFirst,0,3,2025-09-09T14:46:11Z,2025-09-09T15:15:27Z,7
cef9291c-661f-4221-a4f2-9d8bf16fb111,prolific,6600a119385d8631c41cd795,68c03b0330a5bf7db9a38960,68c03eceba9ee5fe328e733d,minorityDiffusion,normativeFirst,5,2,2025-09-09T15:12:49Z,2025-09-09T15:48:24Z,30
cfff5380-ac7a-474b-b789-c9210b78dd2b,prolific,5d49a0b751695e0001a188a8,68c03b0330a5bf7db9a38960,68c03d907b869bdb2d0e4040,majority,normativeFirst,3,4,2025-09-09T14:47:19Z,2025-09-09T15:31:31Z,10
d385aeea-2dd2-4f42-b57e-78a9b42f0382,prolific,60b8f2c365ec36a3395896b6,68c05d68bc8abb0714642f7a,68c061621291b68c936c8b5c,minority,normativeFirst,1,3,2025-09-09T17:19:06Z,2025-09-09T18:16:37Z,44
dc4e73f1-4cf5-47ea-a5b9-d58eaaf436e3,prolific,671fe3978b9b0b5d4b9a1265,68c05d68bc8abb0714642f7a,68c062e362e4f476e1df5e78,minority,normativeFirst,1,0,2025-09-09T17:25:05Z,2025-09-09T18:03:39Z,86
dcd1ed62-d5a6-4302-a597-724e85fa3a91,prolific,5bef41fa54277d000114d6ad,68c05d68bc8abb0714642f7a,68c0618228f2c7161119d47d,minorityDiffusion,normativeFirst,5,2,2025-09-09T17:21:29Z,2025-09-09T17:43:59Z,66
e1941179-3705-4639-b6ce-ec82c3a00c66,prolific,5f6f44e9451a3b0836b5d32c,68c05d68bc8abb0714642f7a,68c062ea323fe76d87a62c90,minority,informativeFirst,4,2,2025-09-09T17:27:02Z,2025-09-09T18:09:51Z,65
e7bee9a5-10ae-426c-8b08-27934b9281bb,prolific,662190146ef67bab626e48cb,68c05d68bc8abb0714642f7a,68c06162199dda79f0df4c11,minorityDiffusion,informativeFirst,2,4,2025-09-09T17:19:06Z,2025-09-09T18:05:58Z,45
e817f2b7-c7dd-4cff-9367-138be05feaaf,prolific,5cd1a622fa7c8b0001a48044,68c05d68bc8abb0714642f7a,68c062a8fcf5cdeb5c3584af,minorityDiffusion,informativeFirst,2,4,2025-09-09T17:24:30Z,2025-09-09T17:53:36Z,81
e9735720-d13d-47c9-99f1-be9ec8418a61,prolific,5d776e218a8d1d00166d36a6,68c05d68bc8abb0714642f7a,68c061eb3e57fb0ec42827a8,minority,normativeFirst,1,0,2025-09-09T17:22:42Z,2025-09-09T17:56:58Z,74
eae01319-0414-4f8b-b125-d4487bbeda7f,prolific,6297d4ad03a1830f21d22cb1,68c05d68bc8abb0714642f7a,68c061fe8314686fc5e2e46b,minority,normativeFirst,1,0,2025-09-09T17:21:12Z,2025-09-09T18:05:10Z,62
eda76aba-529a-4bba-a2de-ccddec750d17,prolific,65c242831388550b0a42bd25,68c03b0330a5bf7db9a38960,68c03def728b1f943072b66f,minority,normativeFirst,1,0,2025-09-09T14:47:39Z,2025-09-09T15:12:14Z,14
f3619e69-7a0a-47bd-a00f-daed6fc2ce92,prolific,5a1bee01a383a100011b6274,68c03b0330a5bf7db9a38960,68c042b03d45c44f6da32ab1,minority,informativeFirst,4,2,2025-09-09T15:07:40Z,2025-09-09T15:37:52Z,29
f648a570-513c-4482-9932-71c78717586c,prolific,67dd4da2c093609cf5b34756,68c05d68bc8abb0714642f7a,68c0625b103353c5a7090015,minorityDiffusion,normativeFirst,5,2,2025-09-09T17:23:32Z,2025-09-09T18:06:23Z,78
fcc2cd74-0d9d-4548-bfb0-15d9b696452e,prolific,67448035804444614abdcc6c,68c05d68bc8abb0714642f7a,68c068ea45d3c9ca839c6db1,majority,normativeFirst,3,4,2025-09-09T17:51:02Z,2025-09-09T18:36:17Z,58
